codon,aa,iupac,mis_var
AAA,K,BBH,QE*TRINN
AAC,N,BBS,HDYTSIK
AAG,K,BBY,QE*TRMNN
AAT,N,BBK,HDYTSIK
ACA,T,BKA,PASRI
ACC,T,BKC,PASSI
ACG,T,BKG,PASRM
ACT,T,BKT,PASSI
AGA,R,DYY,G*TISS
AGC,S,BYC,RGCTI
AGG,R,DYY,GWTMSS
AGT,S,BYT,RGCTI
ATA,I,BSR,LVLTRM
ATC,I,BSG,LVFTSM
ATG,M,BSC,LVLTRI
ATT,I,BSK,LVFTSM
CAA,Q,DKW,KE*RLH
CAC,H,DKS,NDYRLQ
CAG,Q,DKT,KE*RLH
CAT,H,DKG,NDYRLQ
CCA,P,DDA,TASQRL
CCC,P,DDC,TASHRL
CCG,P,DDG,TASQRL
CCT,P,DDT,TASHRL
CGA,R,BWA,G*QL
CGC,R,DWC,SGCHL
CGG,R,BWG,GWQL
CGT,R,DWT,SGCHL
CTA,L,VRA,IVQR
CTC,L,DRC,IVFHR
CTG,L,VRG,MVQR
CTT,L,DRT,IVFHR
GAA,E,HYY,KQ*AVDD
GAC,D,HYC,NHYAV
GAG,E,HYY,KQ*AVDD
GAT,D,HYT,NHYAV
GCA,A,HWA,TPSEV
GCC,A,HWC,TPSDV
GCG,A,HWG,TPSEV
GCT,A,HWT,TPSDV
GGA,G,HHA,RR*EAV
GGC,G,HHC,SRCDAV
GGG,G,HHG,RRWEAV
GGT,G,HHT,SRCDAV
GTA,V,HMA,ILLEA
GTC,V,HMC,ILFDA
GTG,V,HMG,MLLEA
GTT,V,HMT,ILFDA
TAA,*,VMM,KQESY
TAC,Y,VSG,NHDSC*
TAG,*,VSC,KQESWY
TAT,Y,VSK,NHDSC*
TCA,S,VRA,TPA**
TCC,S,VRC,TPAYC
TCG,S,VRG,TPA*W
TCT,S,VRT,TPAYC
TGA,*,VSC,RRGSC
TGC,C,VMA,SRGYS*
TGG,W,VMM,RRG*S*C
TGT,C,VMW,SRGYS*
TTA,L,DVM,IV*S*F
TTC,F,VVR,ILVYSCLL
TTG,L,DVS,MV*SWF
TTT,F,VVD,ILVYSCLL